{
    "GameplayRules": {
        "GameplayConstants": {
            "PeonEatQuantity": 1,
            "ColonyInitialRange": 15.0,
            "ColonyRangeFeedbackThickness": 0.20000000298023225,
            "ColonyRangeFeedbackColor": {
                "x": 1.0,
                "y": 0.0,
                "z": 0.0,
                "w": 0.5179282426834106
            },
            "WantedArcLength": 2.0,
            "InterChunkLength": 0.20000000298023225,
            "GridStartRadius": 2.5,
            "GridChunkWidth": 1.0,
            "NavigationNodesDistance": 0.5,
            "GridChunkFeedbackThickness": 0.10000000149011612,
            "StartingGridChunkNumber": 2,
            "GridFeedbackColor": {
                "x": 0.11303049325942993,
                "y": 0.7450025677680969,
                "z": 0.9074733257293701,
                "w": 0.40239042043685915
            },
            "HighlightedColor": {
                "x": 0.45490196347236636,
                "y": 0.45490196347236636,
                "z": 0.45490196347236636,
                "w": 0.3490196168422699
            },
            "SelectedColor": {
                "x": 0.6117647290229797,
                "y": 0.8705882430076599,
                "z": 0.9450980424880981,
                "w": 0.7529411911964417
            },
            "CircleThickness": 0.10000000149011612
        },
        "PeonSpawningRulesManager": {
            "PeonSpawningRules": [
                {
                    "PeonTemplateName": "BasicPeon",
                    "PeonCostComputers": [
                        {
                            "BaseCost": 1000,
                            "Multiplier": 1.100000023841858,
                            "ResourceToPay": 1
                        }
                    ]
                }
            ],
            "AutoSpawn": false
        },
        "BuildingCostManager": {
            "BuildingsCostRules": [
                {
                    "BuildingTemplateName": "Generator",
                    "Costs": [
                        {
                            "first": 2,
                            "second": 200
                        }
                    ],
                    "BuildingType": 0
                },
                {
                    "BuildingTemplateName": "FARM",
                    "Costs": [
                        {
                            "first": 2,
                            "second": 200
                        }
                    ],
                    "BuildingType": 1
                },
                {
                    "BuildingTemplateName": "StorageBuilding",
                    "Costs": [
                        {
                            "first": 2,
                            "second": 500
                        }
                    ],
                    "BuildingType": 2
                },
                {
                    "BuildingTemplateName": "FoodFactory",
                    "Costs": [
                        {
                            "first": 2,
                            "second": 200
                        }
                    ],
                    "BuildingType": 1
                }
            ]
        },
        "ProductionRecipesManager": {
            "Recipes": [
                {
                    "Name": "RawFood - Food",
                    "InputComponents": [
                        {
                            "first": 0,
                            "second": 2
                        }
                    ],
                    "OutputComponents": [
                        {
                            "first": 1,
                            "second": 1
                        }
                    ],
                    "CraftDuration": 1.5
                },
                {
                    "Name": "Raw food farm",
                    "InputComponents": [],
                    "OutputComponents": [
                        {
                            "first": 0,
                            "second": 1
                        }
                    ],
                    "CraftDuration": 0.5
                }
            ]
        }
    }
}